{"auc": 0.904803, "error@0.5": "eval-error:0.123832", "best_iteration": 184, "counter": 102, "seconds": 4355, "params": {"booster": "dart", "colsample_bytree": 0.8995691558220433, "eta": 0.022381976397118256, "gamma": 0.560345246036587, "max_depth": 7, "min_child_weight": 0.598759874239166, "normalize_type": "forest", "objective": "binary:logistic", "rate_drop": 0.059001446323524775, "sample_type": "uniform", "silent": 1, "skip_drop": 0.09484628477395618, "subsample": 0.8216188557983217, "eval_metric": "error@0.5"}, "iterations": 3.0}